l,sl,w,sw,air_Pre,air_Imp,build-Imp
18.545767923385625,63.347240184957634,53.567913521772525,27.479146788103705,179578.0,79338.16203450001,59052.5950495
10.686382311457223,82.79821586247657,76.39435703317992,39.30026513828727,114368.0,83363.055158,61507.80405200001
6.580007883886707,95.33446684221066,55.009848871855,39.795584866445814,53966.0,49503.790770499996,44362.4536555
5.202852840008922,29.697008263954743,58.58876493662693,31.74796270752658,297279.0,124859.8809045,89272.4900215
13.650228361158169,37.37621249063902,54.75364207845195,15.782629844291817,224220.0,67133.6727445,46905.91177559999
26.198594425021042,29.3846778368506,40.35555771882905,38.07394259817422,115251.0,81657.61897250001,72436.34322450001
21.74347979917547,89.41036520467313,64.16699191551515,14.511131978611886,83829.0,28213.524478,31791.17239
26.35576061495434,68.68101383648033,61.06673869901185,27.62285520203842,236852.0,98516.57425499998,68693.3838855
8.355053626302034,46.08867856300323,52.15793499059103,25.02405708820787,269985.0,103943.6381135,64362.150820049996
5.752449889319227,24.008126588490335,37.12693201647774,15.328823685023075,235491.0,71248.44838049999,45038.23662534999
20.571825022739173,81.97040321754156,47.311213304161974,24.300995604048897,263562.0,100407.8764175,81826.83888
27.07722901943593,62.75437723223273,23.52791227549062,10.954373947116514,54180.0,13089.458356,15486.8396465
8.163992663986459,23.033959129737568,51.19745108160692,36.48924905763593,176245.0,100344.809423,76628.710984
12.616224312972873,67.08030623211643,33.12906159008654,5.401765457108249,271581.0,57597.461007,57074.498676999996
14.963620894105928,34.80221608116705,34.63845812244735,6.581774668502154,29637.0,4481.471267500001,5978.5528915
16.978418961338377,43.18385982423683,50.3254237600643,35.076411797115334,57094.0,45641.242082,41852.190322
15.671975726328881,51.58139365136584,45.83155502305128,10.593913517680626,126097.0,27493.798002000003,29261.618481
24.599434800434125,44.29007498504028,71.3033352561621,17.67535079146506,152441.0,48581.606816,43811.26660705
23.761554506027423,34.59026830753686,44.950225356438615,12.279823281686774,36816.0,10185.188529,12590.712197
10.011742726594711,63.01025064766057,40.61869310329297,29.493072939929952,287270.0,117712.01777549999,62772.3873989
20.442339396892272,42.516993132505405,64.84908420088813,37.99594697708515,251457.0,125477.3896765,83905.50952749999
22.099306815547365,58.612184612365525,45.58542948057197,22.416893004478684,142364.0,57000.805015000005,50508.31748299999
10.98734169186978,56.043699096494734,54.31239228407498,36.55571380291245,168041.0,97989.4907735,64387.16173665
28.263441253220453,35.97410177712468,41.354507384288354,18.32780322296766,80380.0,32869.2041165,33427.901726000004
6.471097712983346,49.314776618801105,45.72469614130664,7.5604594009854225,319377.0,70844.2778515,52309.274112
6.252478295614958,55.026825728631756,27.078334256538657,12.338691369962735,94203.0,27119.3346935,28557.679101
12.454799396019826,59.80346040309878,60.363330808520935,36.20274379968823,150456.0,91471.2548695,63034.543997999994
11.409276311292054,24.339432480799598,64.05890449139238,38.32132742384588,57813.0,50281.783245,43968.893941
26.568465419908687,53.50849894049146,76.76178728646062,29.263053539706682,212642.0,94573.5053895,11874.881701849998
17.725546156652783,87.20021599881983,42.818496133504354,37.119786893522864,289088.0,133422.1812165,82611.9410445
17.181579410111905,97.24592543854965,21.074796859791874,19.6497309116225,259263.0,89241.84384449999,88875.380714
10.651095853241335,54.78577271890681,62.38312406320271,36.68544230773664,286824.0,132111.155858,15695.712511499998
22.543016637747236,64.53457404040893,72.27952671098967,17.985944062092962,84597.0,33319.6829455,34527.4780555
20.7782691617615,69.00231665895532,32.43327430946905,9.337650239809175,53828.0,13014.6566175,16197.114528999999
17.24473119893888,97.53067537245941,66.01328662989192,30.189671221338966,145374.0,75244.224742,59373.262288
28.451035540725407,93.47171682487995,57.72203795532946,23.09257091376908,113071.0,50966.042139,43516.6150055
25.25224107848391,60.28973587962528,56.67947257085679,20.1667441034774,110497.0,44854.03387100001,42620.892103499995
10.927528611479936,74.90542879065026,53.892416404704136,24.06547144858124,276976.0,104200.9336385,59160.95581429999
16.586234103414263,76.05443103939967,78.31420242385823,10.010943534061518,276232.0,76129.0022015,67386.814655
22.332133221048174,67.79290905207479,54.55634468749927,16.066360515010555,189058.0,54727.2564685,48116.379009
29.811328230984607,97.62730811327518,29.331998676022202,12.792417956956287,271714.0,80227.35971,80266.6191935
13.964588772589279,64.77118264360874,69.67568489339156,18.681241539106765,177288.0,56782.181767500006,48965.042743
26.7663904324399,45.05650276848573,45.40446344160993,10.639584819479367,247675.0,65678.919728,56705.1410198
13.301083515916757,65.52874274457488,25.817163062934064,16.440164174986045,95019.0,32325.2250795,34693.003679
17.56119686891523,70.47127279800888,47.75509488485836,26.79914799266675,118697.0,59654.3279985,52222.1250745
6.0516297471587785,71.6928026453817,30.811560035517857,9.938518953610348,257055.0,66876.715354,55186.172736500004
7.687111536108631,36.571311040943996,79.32566116291983,33.25098443797434,284256.0,124110.0060665,81123.257679
17.4624277810721,72.84687187608651,29.182478861230962,10.726095372638142,58650.0,13888.833790499999,16656.356427
28.11683297189245,21.47800909056753,21.708581888912516,26.67268105024532,195061.0,83198.9010655,75710.622546
14.660166677676296,49.86114168615961,67.33223562978623,25.937702067985498,244246.0,97331.6469025,11058.1700291
21.452742551787118,99.63512137184107,35.32560071236249,33.64182739790032,208460.0,102546.245145,89474.3852465
28.00255662175467,46.92931395765828,75.22697209138903,9.630572752143626,143121.0,27964.885527500002,33843.873332
26.099112984692887,60.48161697492907,63.916110840664615,14.010746466709106,294887.0,88741.3678475,67586.63978205
27.747851727328868,42.64586233879609,74.30797572995442,15.429225294196929,270772.0,84790.002465,59718.9544651
25.658316051913417,61.18236926335848,20.524273030393573,21.156442856146178,112595.0,47294.911844,49191.0701585
15.437960716769858,33.52323414595948,67.47065315576612,24.28063598559242,66297.0,36971.2149935,33792.801438
21.651780308207627,84.82487586458441,70.14619247548416,8.73453876959449,325066.0,61731.832516500006,63662.146283500006
20.18337167683512,57.838762703121375,29.641721927044784,7.46393926620434,242444.0,37022.5576665,44423.645678
27.545797336680355,45.69161470644303,39.32018066821783,9.676692316947104,161955.0,31760.9460475,35288.12431
13.799921326223439,59.52294300489886,73.34715699141246,20.995065967469223,142261.0,53872.391109000004,47544.5553865
5.290172993285636,69.65129778761116,49.376505580091155,24.931900162754896,70790.0,39715.091971999995,34911.7443435
6.936819277030823,67.38870235990413,71.91715157978881,30.315570326562224,153593.0,77914.73826449999,51214.54075875
26.975445352450944,80.26669113210714,36.65266989877106,37.77238110073319,90531.0,70276.4198335,66539.450551
13.528985352453224,60.063302178275755,62.15224796641567,34.43245710535775,209525.0,104864.76928499999,68700.38332915
12.387637772881362,82.02440033869712,30.599201655177957,9.418028260950479,277610.0,66788.63646400001,63031.470541999995
23.79547745166136,93.80222959176015,52.0460319365201,30.043195875436652,294509.0,120384.182182,86426.6819001
15.554361840314968,68.52269843896977,50.80960728867272,23.972598382068274,158518.0,64556.685105,52833.368095
16.933012401223834,58.87628640740937,41.12121049363067,7.3011646423817655,183126.0,33093.186952000004,39230.781887499994
28.75150072669758,92.4171345328992,26.047129168856795,16.776638876342254,85169.0,30841.913645500004,33148.123695
9.261326603457665,53.79585042446658,23.031586782982693,20.296324057364416,231929.0,80549.97165749999,63759.7573025
5.464695601151441,63.244211625680215,36.47360212882372,22.85837835236002,185021.0,70575.98183050001,50629.5685135
9.711704608112747,56.27688800985884,35.50170720073785,30.647252652755977,278286.0,117224.47330750001,68183.07296644998
29.28209560118597,32.00557218218068,50.61202721667726,23.21481604386462,122830.0,53915.848807,47525.438086
6.783517175667177,55.75766372126108,42.26655101955397,34.63777172328374,87976.0,63061.408599999995,50103.467559
13.628176344928724,62.92496414898195,78.79011633404227,20.931878425427293,154779.0,56122.839969,48572.216274000006
8.425566202004626,96.32296998901845,21.114394357714055,37.526260762933916,279026.0,131909.4234415,106122.499718
24.164948415967558,96.42076639716136,66.93645586342076,6.165652809993978,77099.0,10641.311796499998,13384.846912
20.375018826530635,48.51397994789946,31.40803786615129,27.40782545462563,192577.0,83870.504984,64417.99728
26.999498552574618,70.24206326535482,36.683058166418405,15.90916357175809,211293.0,62102.72277949999,52268.220062
13.364637242288987,66.96896284108364,44.60404557859869,18.386873075239613,235733.0,77847.665574,60521.250947
12.171263939308643,66.2327056761052,75.35850045594472,37.22683066234026,170332.0,100121.98288,66090.21754740001
5.237539547344222,96.48181585327704,52.48518006681395,7.5890999584543835,133439.0,25733.716818499997,30668.540143000002
20.865123850460247,94.92870843815919,69.76467211067893,36.93441435031307,182021.0,103319.0253485,77721.5624145
24.557848829479614,82.210852885717,72.51844125649353,6.01931271180375,299008.0,59858.5623565,67961.95070049999
10.538570070356474,39.62083918935451,76.72117810485473,29.881794840695605,289069.0,118463.9641265,14592.0569175
27.35875392913023,65.29407128767456,39.584867964382994,25.88132645675444,227589.0,91724.53872799998,73765.52444800001
5.601122634548622,26.586759567068313,62.61281095772492,7.895824008065064,161762.0,29263.1374815,4215.4735820000005
13.948521830263092,85.7693233659141,60.14539236632582,10.865105205288515,114189.0,25909.734196,30177.042876
13.890761969071884,91.49822613537333,78.92799542546024,34.56647517265186,280411.0,126414.461691,35942.34151835001
27.697552879054587,97.43655308314956,40.21026375317493,11.32382880672758,263644.0,75116.46874499999,76257.1202345
8.37480115082054,53.97137643048863,36.830939463881904,20.052412114689965,226686.0,77930.69760099999,52305.828304
26.928450430820025,73.63548199541242,48.53263511925437,18.22772483514335,101335.0,38520.8244755,36647.0246275
13.02081179523762,85.60108531439313,28.33849510546859,29.973360902976335,110210.0,63918.481419,60805.79731749999
13.744092995246397,70.90948361200722,25.689277237757395,23.880263678191948,147262.0,61325.9388655,58321.230681500005
24.315086476583616,77.78050300686022,72.05299452345493,13.413568802127957,211954.0,57043.325792,54147.93820250001
8.712946182025235,57.6422739493961,65.90625719946789,13.017098356039826,201818.0,49446.951149500004,41861.301152
7.005061065586467,63.1836438648637,74.65474092959803,8.464783644588021,146423.0,27398.8284875,28696.147668999998
20.95344199167544,50.60786877750889,35.97975896379433,33.371264482701086,150500.0,84535.808246,65877.8286605
17.618269132563505,42.984999243990885,24.758097361311364,28.39936034373146,159676.0,75293.09846400001,65164.89588799999
22.691661456750523,29.973640249822843,70.83709450834606,19.885580429676416,201707.0,68120.46662549999,8567.019581599998
7.350307006978883,46.20960910353843,21.522304637173953,13.736800773486738,207963.0,56261.906537,48989.718302500005
15.284937184967019,30.5918845176452,52.69678346934424,14.768323895035229,90248.0,29651.4218435,29464.479426
7.6520031972642375,52.94165938024073,36.93729781007268,29.833422293569676,196494.0,90450.60577550001,56244.240260499995
24.073211294490687,46.587408255024435,58.86433192964845,30.180137975755628,296682.0,121417.933439,15053.704922
5.110377231082123,86.28801080520327,64.33922709742214,8.749234325614298,287659.0,76163.1265395,55755.1618605
21.020133349397412,36.26310113472698,30.125153232812174,32.43901259006563,288725.0,123706.0637865,99742.53208
16.626053636021005,93.34858280188183,31.463063147716717,33.46781275007255,257325.0,117691.70863950001,101038.0468025
8.286057785810463,59.74147806708149,26.467364614581392,23.259853913909296,131475.0,56293.47992,48971.359191999996
25.59397617571823,58.98453749058462,33.41656223859167,16.756636459826503,198944.0,59845.021946,53684.205623500005
15.37500214408566,49.37686363071575,61.88099271662735,24.03597689581408,255149.0,96906.5167065,62514.35443969999
29.14698425438567,45.54168445911233,66.8425138624195,32.53141408265388,163549.0,86541.3678335,64225.27283755
19.48722412551404,52.65700800773341,32.41511597495919,12.072693143141702,224263.0,55791.0791055,50530.61007
27.629040903585075,53.697488058424526,63.16490488157836,39.82740308102203,258466.0,130677.63400750002,17501.3716355
7.795864660204273,99.18276693742541,34.80816894384326,8.267281808225828,345070.0,62989.825058999995,61055.216513499996
15.832844283609399,99.78187568780847,23.24440451583099,32.41456286957351,84286.0,57462.442574,58776.424363
17.12996020464186,67.115438983519,28.486296878733192,23.51938078775223,71479.0,37293.9508305,38753.0612695
14.42287718392745,59.99024457887603,41.2023229925516,16.21925491355092,91423.0,31014.903713500004,30653.2254005
24.369067886110685,78.81822986607771,54.95450600971833,14.47779873290566,78267.0,26868.0110465,30288.498091499998
27.489437617489212,88.32915391094996,78.57698638267365,19.557109656430754,206366.0,68839.7927185,60605.160291
7.370776814080024,84.50802747587426,61.62673895043635,28.433190543286617,285379.0,114705.166813,32615.148001000005
20.31766499756727,35.489719396219456,70.31452752470406,31.659859861541577,81285.0,54367.917022500005,46704.0458935
16.097572973402407,34.32269250145721,75.7158386692789,17.884137278734176,250909.0,81860.15439300002,8293.876383899998
5.552143133324663,33.158717389188936,55.3281790970335,12.967210317836654,292318.0,85773.27683700001,48705.74775205
14.756069253893655,48.70070829357881,70.78666495316196,19.49778031573217,192365.0,63514.215475000005,45969.693358599994
12.980646730928415,49.057918777147165,30.93222980481366,5.48559705670511,54248.0,7639.563562000001,10205.6347235
17.404588638896243,54.57540605859721,79.41543215334667,12.525829974535153,212010.0,52843.9958515,49409.8317622
7.969526296583716,50.38838458234524,41.5407348440684,27.581111440932016,145131.0,69252.63844800001,49805.405419500006
23.47227000029915,62.18526927214465,40.06901411963736,25.59400543205277,162330.0,69585.3900115,60424.1977855
18.753394734297082,69.41197596576829,65.21705473794931,16.167942057461296,230630.0,71402.299802,57761.0641475
25.576963373583023,93.2990951159706,77.46011897787767,36.23557626200207,158950.0,94019.514176,80043.42498
7.4606658660901655,50.72930772646867,23.603138360010057,6.912632937573553,239840.0,36815.995238,38878.2917915
26.261700159461615,26.111530026472884,78.39610009670542,20.74807136106383,283887.0,99567.626234,74953.83327300001
17.07403768788099,44.61862877836904,61.36245164726664,31.555131000550528,299181.0,124627.2252415,15860.527970999994
7.605466789068586,78.26752303108199,24.92746086675245,22.710229510613694,217829.0,80997.192645,71243.9204
12.647911126943004,73.24634214315859,69.38052425772443,37.26776552217313,201183.0,110153.759515,68978.49838060001
26.885254311997745,96.63270354145178,51.337781227933135,12.14783505183906,238248.0,54275.275754999995,57928.876212
22.41002516174936,74.07292696640394,55.177474758515196,10.241753243539886,265926.0,64878.068583,58873.276976500005
7.900178487317643,73.95191075314287,52.8840545746346,15.580366364549498,71552.0,25704.537159,27164.83857
22.87770584941735,86.98401546606877,68.80536343586726,31.845888525153175,106111.0,66197.9748915,58805.44912799999
6.958193651668844,32.29777919789156,47.24469785023389,25.485504782279776,155954.0,67482.6122325,44490.80756520001
22.433351591609092,51.906915873400976,27.19649166638489,29.78545308141589,215444.0,96536.9998395,76747.8281915
13.238783278733365,54.08106148784823,40.29753688391339,14.606237898445876,139753.0,39544.155462,36203.468980499994
5.785462852050378,38.96389457850795,48.463966990959506,9.980997830326228,50900.0,12538.737079999999,14887.4233155
22.19417239591376,41.54821932041262,70.73636738901013,22.06517408815816,264578.0,96682.0894425,10303.8633785
5.059310512243863,34.736999402528056,48.836748987437886,19.73347331713051,136840.0,48911.5948615,36329.29806205
9.851766162880665,44.34263439658014,59.95051353965754,14.93591822750353,276223.0,85487.84718450002,51108.23753885001
17.473456662446317,98.12989730833766,76.43854923077791,27.34823156576392,159843.0,72870.9161495,60125.0839745
24.044817666637805,28.67285441245344,73.21804694061541,31.71059680644515,125302.0,72917.4436795,57349.2911115
8.444034639674618,77.37995681499957,67.19415585534995,28.069098306033833,166695.0,76627.43488049999,53197.927424
6.436772637832053,25.296961683711277,66.1375194792888,32.281776482031034,255376.0,114628.83972,83259.23055
13.379127870128187,72.73937232490496,77.18918484322379,35.62515774524144,300800.0,133052.9291085,82339.47957925001
29.363473677459083,35.21611033974759,37.715693886569866,5.702192308316899,333349.0,73390.139888,66452.95791995
19.693583856798796,65.70203997315417,20.978831723361353,30.995924922412613,191059.0,90873.493986,84554.80689949999
10.230655821855873,80.80829209230399,65.77975002239137,39.19122624315637,178869.0,107811.56232550001,66101.38547144999
8.254221508924926,49.4671985577484,37.27613675855541,21.852359680600348,141137.0,55512.19633499999,42471.876208999995
10.16031929113309,40.81191254279406,72.94274886159354,37.87622908388076,57120.0,49494.16111,41918.374263499994
19.585146989493133,52.748099191721366,68.73903422697401,17.226907304943033,282831.0,92039.51649250001,59697.47428765
7.202615743694338,54.3501910176724,33.06826636497161,20.105097508178034,277600.0,96266.3681575,58191.4493645
27.84849343735771,26.731993291971374,63.94876719279313,15.983930229360336,133847.0,41172.959933499995,39486.6476135
27.16843440736558,61.0253102851425,52.2564359351945,35.20581496821457,49860.0,40981.77604550001,39698.4711085
25.47647708557589,33.03029216470366,70.96451580771145,39.05693054986379,187368.0,109803.637906,84201.4059525
12.148531798607658,49.1935050571721,32.080809456954775,23.02257804832011,141749.0,58118.949724499995,47301.2774635
11.447765521810176,59.176180983096025,34.72655038973001,26.005534292915957,225272.0,91326.0901385,61482.297386
17.312680424019753,94.14043048372201,38.25155784523497,25.11393974070931,238685.0,93358.57464549999,76353.5899765
23.871203355043136,62.80242125494518,23.26410635417829,13.881430023812008,64101.0,21097.039753,22478.446367999997
15.713099982054898,59.577327502539376,67.59398095880665,19.07043621528733,260701.0,88216.43907749999,56524.463686150004
20.50673437886215,92.78878815110458,64.80144814012328,11.624260661783673,65205.0,17291.047889,22746.920856999997
29.95146979852066,87.97334257429259,74.68487331702755,19.341794351504582,282881.0,96514.245283,79892.924302
23.043863164132656,68.08550027777386,73.71163091391556,21.720625193947313,145991.0,56245.3811405,53723.682088500005
12.070579137048927,37.799191988031524,40.45955923512092,8.376187968411156,293392.0,69558.67830999999,49969.256112150004
8.95598010054822,41.98109971053225,44.21262380711856,29.001680429647294,131964.0,68665.940487,49690.427655499996
25.74110004626214,23.34793821790211,21.993266620980545,21.66788669383637,77198.0,36477.163474999994,35788.8832755
23.380511879664823,36.04164053770686,26.38016228473132,7.750165512969717,142501.0,26905.080493,30913.0378425
22.520234316997858,69.9795659033797,54.00440772487211,33.300694677902115,251065.0,115425.362954,73111.5280606
16.023341326904358,98.06037479057201,60.54461373852626,9.894766815187326,131146.0,26362.817539499996,31997.770906000005
23.315602983436825,63.480045146066715,38.1774828260194,30.700827558957968,277308.0,117039.8274785,77503.61101630001
14.144459831915777,94.50737725139112,22.199769840629976,17.711008777691184,173841.0,53689.270160500004,55354.1545645
21.381268572404718,86.68452556706347,56.347920930718345,31.16542590329586,167640.0,84047.95472750001,69296.965444
19.256545470328817,67.70689780887848,28.70436425986127,6.881078894130043,64409.0,9020.455664500001,11551.348934500002
5.6743211827806865,82.59812386506667,71.13622358831867,25.27300486744146,217954.0,87148.95985400002,48956.35296675
7.499241752019316,92.49287199138125,57.93384790370886,31.45218812972797,270665.0,116867.47185100001,38261.70402549999
21.59822083298267,44.19072656414764,53.42559043299046,26.9863040186207,108244.0,57183.558154499995,49362.525204
26.802070779213352,44.54829154701358,42.60159460487074,6.42119010570411,345654.0,76939.45292750001,70889.83870600001
24.99548192755044,22.665280044699063,62.74137706976603,31.91396332578931,228871.0,105518.267584,80207.8507015
18.983059838254317,50.12609775121918,33.49340826815929,35.41229185813627,302060.0,132958.42582349997,90130.06227950001
6.741151025556693,55.90695017985806,32.77825629471875,36.96496831691654,299271.0,135389.08445049997,91280.557971
29.096236784162656,43.358353024205044,49.00486743764712,16.958544205887236,71874.0,28715.185158,30900.301969499997
14.166706357920923,20.885310309109578,47.906626226686235,12.013387528264065,206623.0,48357.072474,39060.1298464
18.26758137036015,75.9853041152298,46.50268560411378,20.46491156515532,216691.0,74844.38467999999,62280.154605
15.397609128517331,79.97536327300688,69.98372980478082,35.12011654528614,268327.0,124572.65514799999,70641.21251965
11.504670753255851,59.369606653090074,51.27913148450314,17.78650139820418,106985.0,37821.269058499995,34214.938115
18.376586232063477,87.78538232069403,43.87275050869495,12.39686743621504,207024.0,50303.871892,51056.932485
15.892005651220579,72.56930327488543,43.7840095731821,8.165090325284506,194654.0,36369.098997,42435.5907945
27.789843468948632,23.523206636811963,64.55545665438852,11.318306676981468,113058.0,27072.517236499996,30213.4927465
20.140214194738302,66.34530515239821,62.550911493817146,33.41837548580708,58523.0,44662.7609125,42296.283429
19.051275731482775,87.76198255301028,47.60955382721788,37.42800214017312,299602.0,136312.8869845,79743.2555347
16.14607586615937,26.39483336977834,20.22369120195059,17.39135723569571,125372.0,41638.0583805,37484.180643
24.44183302761788,56.3625321743318,75.96360998040232,8.10527816376403,141360.0,26740.171399,33886.8837467
12.191033501490113,22.14278513106647,76.98326817705137,25.2002007535802,260403.0,100765.3347495,70052.5582075
10.280538769650343,26.020954837307986,31.313802067336532,5.919740784038384,262247.0,51860.092706999996,40968.9838015
25.18832824785404,52.437611814792085,42.5577066755191,5.378520135264931,208719.0,34235.208841499996,43553.609463500004
24.86573603332659,29.238882285291844,39.87407298345308,10.17115974178126,255975.0,56935.4142555,47018.22854515
21.572687194603322,56.60025696799999,56.050137785441926,35.8029769719534,69702.0,55210.011469,47896.6757945
15.75966618697855,49.59572127975531,44.39944856907991,16.850267698459398,202616.0,61278.603154,47082.719692499995
17.192865168717084,26.236904202501606,73.93078726418199,25.554965327946295,216253.0,87388.75280850001,62405.478507
27.941738188556535,94.29353972175892,60.85874539471328,6.51020399676529,217551.0,35073.412346,44741.731960000005
19.968429134849686,74.1861755501104,31.940188397897185,6.758677342972076,236705.0,45695.1020805,52224.071956499996
17.825019441101347,61.50837146550703,22.25778683182215,32.223623688828155,107007.0,67362.112707,65416.134416500005
28.74170690189221,42.43658710172448,79.02694458721373,28.263522846866618,184360.0,82864.12091099999,10785.86771
16.183114113051268,32.15833670487757,69.84744103428167,38.229970707073406,97848.0,74241.4235635,62495.9098135
17.789087320615295,75.2841236900516,46.12227440115015,11.85404619523771,257806.0,73070.503691,59817.961938
7.316189250085902,31.21245636340397,55.53586916894925,15.5305601229335,285710.0,89764.961653,7951.258984999999
18.697809536638943,71.8593178374762,50.53580298645071,28.638467060631434,60578.0,39491.662647499994,39349.713571
28.597108008003637,38.658173898282755,61.24419971869523,36.843149661378874,171233.0,99623.08607250001,70595.46623935
17.02651484782697,37.63531280224718,39.08250594887999,39.62794351525509,127129.0,89477.690283,75850.212105
8.09530136571823,40.53269337582269,36.83354106037111,34.48635384405832,303171.0,131334.936214,95273.385279
11.065011314182263,40.222771997977716,69.65747493629226,30.84324604386486,200302.0,93811.88594450001,11658.8570015
6.560073251763729,81.08483391538486,35.76709098718925,32.96005447612211,290009.0,125348.38235599999,70369.4969735
23.449065616430875,62.441555346464426,60.46983031434309,19.188389086135846,122368.0,45890.146982,42748.218952999996
23.23899588373482,91.31689638400513,40.8185595815234,31.12236282319199,226761.0,102837.29891349998,88806.064379
19.653561103235674,91.2123793604117,63.67138294212275,5.621057298368904,76656.0,10613.230865000001,13560.7302475
22.363715794135917,22.241583150096147,23.152595277907913,17.946400394900188,241592.0,78911.26338300001,66629.76755
28.818649802916028,55.21759826524175,59.69848077803935,27.452605059261018,135528.0,65911.8365415,58304.0182095
14.481120618908385,76.25444629044841,75.12130799674026,14.37702588969936,157197.0,42453.861631499996,37752.307861299996
29.58108336777813,74.47858696158289,79.79650660152384,8.927029278140633,62624.0,14653.1670585,20562.563745
5.366447925068879,91.99999465943418,43.33386936915753,10.530908056229077,247062.0,48965.568383000005,50506.022177
9.398862297622241,76.18804056713215,52.40188847935536,25.80643218166572,260635.0,102218.3224035,54879.037546499996
18.92994145529976,39.71020837989076,62.98767104259274,13.789369641236227,248085.0,73628.2819535,51321.128304800004
23.004453198009745,35.00056176327402,32.98687867140562,11.125280194110754,66745.0,16557.699983,19400.970006999996
25.712942055535397,90.65958436040086,44.68270486423251,5.533833212509803,310486.0,60677.879604,70637.9400005
10.185684354984677,81.37787971906369,69.01564656342333,26.24144031238318,95996.0,51951.8878615,43699.8855455
17.859520751894877,22.492032795597503,22.14906939525735,11.431669741112792,41905.0,10759.329553,12140.423419499999
21.957072807003208,98.25914069737681,49.205359611561846,15.640146152702254,202517.0,58357.90023849999,53028.49144700001
7.73091283666711,85.93608706203521,57.45798591297336,12.852858250594682,246018.0,69281.0870275,50387.048843
18.30861335751717,35.65821543485568,76.00207463896464,17.577205568413348,121863.0,40956.859967,39914.228504000006
17.58355020234022,88.9645552001211,33.702520700537534,12.685105108751886,213754.0,54340.64440650001,55494.7285525
29.416877862098467,29.107402252135106,30.267588961023954,39.961509851762926,160600.0,103254.71127350001,92400.7605935
15.90787581740728,27.071436964112173,67.8412493780913,27.26517008869813,121894.0,61383.55277249999,48155.48942700001
24.67084143373068,41.27946693773667,27.447719995412534,36.61092736586247,105222.0,74552.821112,69393.329936
6.843712732840972,87.34465499864383,77.81200305022237,33.603950583110716,166881.0,90056.3700535,56470.8015931
5.075810499162428,53.64788749590676,66.21107475376272,36.00965450028045,232980.0,115585.8301545,13768.749470999997
18.64326148437695,41.173942901844235,20.588176627606856,15.105512830772184,177726.0,49357.791891999994,47961.310333500005
24.214032960757553,74.56686983708198,59.290703649302344,37.15365554717048,129639.0,85644.5578415,70205.88714
16.0525460979635,24.148472283880757,26.084787508434673,7.1676626621439725,323030.0,65434.0610905,50750.41158495
7.548498083381318,29.14428017258947,23.95659566843258,30.8836850267261,139726.0,75605.75699549999,65073.52006350001
13.886917157036292,92.1892636248999,71.42418428200337,14.194501643799944,127913.0,37204.610727499996,35147.9709115
22.656305455675493,74.22528337366609,69.28116675374618,38.702360619762196,134687.0,90694.5366465,73594.339148
20.097066769049718,51.05275201665417,78.85767730128688,33.5562650650038,56073.0,43298.269975,40012.461922
8.791206518010048,78.09929511814552,43.998115665511285,23.65432444988408,71610.0,37683.826261,36787.933250500006
16.464203923067043,49.7766828721177,45.945786538392206,8.236274765956473,288407.0,75367.9388395,62375.76151250001
13.778473670937498,69.32148987970075,55.36971227135651,33.95778812874187,133640.0,80584.814476,60009.7715835
25.159658845054835,69.860021113922,47.980516311858715,27.67752163035059,195089.0,85404.59942449999,69689.26340899999
28.698565926146028,83.29488843594854,68.66274979927705,28.137711929253843,114192.0,61235.70840049999,56911.2001015
10.346796012098523,77.94022427170546,46.93762586383193,32.82592903929677,83902.0,57813.729242,49188.0093155
19.816983087475485,57.722301769147975,27.506321978564213,31.499437800530703,301072.0,125002.210495,87141.941846
24.76335245959384,82.97256938615158,36.291859574325,15.272308843220728,157426.0,44366.396993500006,44555.19964400001
27.14438121367709,71.20523610762048,20.91121471153008,16.38644194620638,88616.0,30458.1795515,31283.080291500002
15.315824530376764,52.31949822464314,39.40107538069183,26.830821485849246,221053.0,92153.835459,61075.28516600001
9.737684424284982,23.628778083594465,33.989725275309624,6.62767501906681,309511.0,60573.7452755,43863.090437449995
26.12368971863442,30.136258522060302,67.67895570685107,8.545301809019367,137431.0,26135.4976365,31605.428437
22.574880587993807,98.82046543870868,31.50848225811115,23.30233466477604,91568.0,44915.637964,47904.758195
25.045868337689914,27.277924829550777,53.76354260739414,5.290364859143261,265566.0,57618.809683,53248.4042263
10.115264634131577,82.2292950433298,32.14464540747521,18.484544224276434,74093.0,31259.506815499997,33138.5391285
13.565146318605729,81.19320513172173,67.55466624402348,18.826013001726327,179864.0,58079.603003,45641.989082500004
26.30558486535707,35.73435766077131,38.469225567401956,24.750380645706755,140301.0,61223.139589,52201.0870405
16.866112060536786,41.64413771497899,24.648286468690085,29.73486358354444,66083.0,43860.999144999994,42165.8469965
22.144464091264602,88.16615553937518,50.464614304192956,37.844261632871905,302063.0,137585.47446549998,81996.29632085
11.94227213618736,71.23172380444518,56.90165957505116,6.312425526531586,61659.0,8652.3460925,11108.759063000001
24.537496366791633,79.7603159227534,63.80542744178732,22.159084895505767,77705.0,37471.7124415,37360.584501499994
5.6530705845023625,81.81100467568156,29.93196573035417,10.888299749264892,73797.0,17713.841087499997,19971.954397499998
8.533297022461175,69.76403877510981,33.63625165822586,28.901417903071152,111759.0,62150.243549,51985.87974550001
29.179248146317654,99.5130797410186,53.01345158004207,34.357317610166675,159532.0,89558.64588150001,77181.7553965
29.72936574285924,67.5942096169183,34.19527242287462,24.689213880497025,272984.0,104227.0995105,86458.19932000001
22.044111075485617,48.634277811414066,76.32478931953267,20.988135299442582,155039.0,56766.7337695,47827.36073395
16.298907122374395,71.08493826469842,79.22478377398792,39.44192398815726,79369.0,66082.866104,55631.255852500006
21.18947145215832,83.38135183687592,67.10623382444318,21.89155907204706,234056.0,84501.04114,67540.4371695
12.53188723235699,51.446149072714114,78.15869209608468,9.730486035163276,269351.0,59358.8741065,50098.78024325
14.888523823235452,75.15943828501608,51.615255525855,7.0064696813284595,23078.0,3609.2030104999994,4636.190466
21.237660068495455,88.88822779592303,55.99079327711718,7.3894991436588,311538.0,72344.09092799999,76330.39050050001
24.939034571778098,42.0905259643689,37.24523614905553,18.641049663175075,288112.0,96704.37050700001,66149.58150565001
12.753600163209093,95.30632551608177,73.27404805083793,15.214373321540414,228335.0,67816.311914,14271.734462499999
13.222275477339306,89.06578922098875,56.13968508941573,5.764724359563424,291982.0,62084.521124499995,66233.0712275
17.97916481835354,69.13969415836333,79.09595125867642,38.53631319931601,262616.0,129064.927786,16025.729763500001
10.89489817832385,73.67432549885933,74.20385690799628,25.75322785102848,125091.0,59230.2827825,48658.339199
8.758079680656742,77.02587361526328,59.36173047215914,19.614626391501407,100536.0,40997.847018,35206.3934105
11.786451961645472,79.15453896921909,55.67374924989747,31.590934471240466,253159.0,112365.373839,58861.43894874999
25.98792636651346,76.67293700917605,35.12711844820395,32.88882999398626,207038.0,100153.60046700001,88169.962594
13.046700283395815,60.97153198629741,58.13952849571261,19.464757123447633,148627.0,50772.76466,42660.1810755
23.84323402580671,78.90668437568678,46.45410268619692,22.53713403773904,243097.0,89380.4170895,76416.1449095
6.671819481693874,25.53964137016158,70.03405610248481,34.76691287517132,123458.0,78675.640946,59302.2613625
28.633923762530596,25.436015851895228,79.71276295319174,34.042037474108106,301470.0,130317.53851700001,102464.614036
5.806926464821048,50.10959691652543,36.10475983106908,28.547037351801386,61380.0,39769.423069,35521.029576
6.661121227222939,88.73375959847556,56.95240793227486,11.033414735403209,95919.0,22875.6629915,25658.1923865
21.484269779462466,41.09413177281241,72.22139222852641,37.62601521138485,230753.0,119189.18842800001,17328.536699000004
9.197396855482577,47.85867081658749,51.948252752399185,35.51996306640043,53043.0,43687.3144775,39082.338081
15.061409625143417,46.85660965371822,78.00254311606716,12.878561635972236,188366.0,47439.504115,43725.9803107
26.245561398857973,46.46718691518141,33.23956437796489,29.673929126593823,204041.0,92524.1928185,70535.337484
25.502288209964266,51.84958741925897,57.25216134117706,27.222187986222288,287017.0,112616.7370865,78265.5027138
21.047209691721292,50.45289381666295,50.34143542859615,18.190339568130597,119512.0,41520.239187,38589.200617
10.70023226590786,36.33578725609422,65.45226395838068,38.17992006064713,131421.0,88346.85505499999,66617.1914328
27.32607790024794,28.614794983763097,32.61280882251269,20.2193474045896,146713.0,52035.97864,46052.101215999995
15.452922577630899,48.41380237046651,42.94957733850441,11.983224659442152,47576.0,13063.517804500001,15816.5790995
8.596574542164088,68.85152451402527,34.053631040331425,39.70821126455034,180583.0,109344.180902,72203.6050865
7.223462412496572,23.834776230338186,68.14270982614688,5.569655942695133,83792.0,11577.0259255,15197.163412499998
18.366702008238338,56.99904589794739,47.16296234594796,7.626494028163192,103966.0,21372.847794,27585.949096
20.48104367698889,33.61353274484071,74.8178420268936,30.73875851754365,204678.0,95128.943413,13101.578192
18.82581822107157,41.86038803768362,37.94393580672049,14.912187620785147,296142.0,90933.0515995,59533.6769732
27.404590580736148,43.967021072733694,26.178476495712598,38.88859102201712,95934.0,74459.6323135,70635.31171899999
19.40092979071369,79.2459747366097,58.72626539947291,30.76984454601142,163089.0,81843.0995015,65916.1103525
15.489231834250997,92.58352737787136,37.586732679707964,28.517855296657043,63881.0,41462.508010499994,43125.9142555
26.652508661525925,47.72511175489705,36.208656655061986,11.604790305298682,250580.0,68963.44679,61633.9416555
18.726284321460877,99.33566065158597,36.07367143961927,37.94791324908632,168893.0,101467.975694,87604.7233865
29.84239102222331,45.297331344371244,57.04632672879208,14.067890939583357,202924.0,55243.460353,48447.120382349996
18.66115411317379,75.50263035253536,54.58747802220944,33.89924643121611,185855.0,96502.33633250001,66403.1173395
12.865740538133887,94.56745521114244,43.578040298033216,21.624055424908434,209521.0,74767.99636,55758.046684
18.868980925252522,66.87099240336562,55.88576557738043,20.419089423367566,80156.0,35852.7614955,35967.5312045
15.8520349034053,64.82443344010557,27.68643460318901,6.077638070377741,339431.0,72355.801055,66397.4888915
16.685922608182988,50.273853208272854,20.669920839758863,19.79747758552496,280338.0,96417.1314725,84250.40080900001
18.254951383451935,85.07236971238686,72.34820143824825,7.349495282902199,218169.0,42621.4419485,48112.606802
28.882111191128764,90.09202039385774,56.204004054518414,23.06906141895951,288439.0,105440.977375,82152.402917
18.155440124470893,21.625370726797954,24.30763014528945,22.354384092817885,234151.0,85375.57457699999,71347.7445425
28.42567951408208,60.188770268924685,56.43384894613045,10.491629189775413,259268.0,61447.032508000004,62073.427945
20.868578737184727,60.886332327188356,59.048264256739806,34.53524814589788,212560.0,106113.60701899999,73809.2692914
6.246514076562657,71.50264073165981,48.665013527729705,17.34182934511926,296967.0,96106.519812,57024.205199
7.120894635285072,72.22408145324724,67.02422274828776,21.409524514504692,194364.0,69345.8343815,48950.5898695
26.435940064359762,80.52465371046225,43.12348849145857,13.078138804355053,62682.0,19190.584947999996,23843.314914500002
5.276607089536366,72.94688120859581,43.23080375397771,38.74371459085474,232079.0,122260.08891299999,61782.41002315
22.611101835649198,78.75416601530937,71.76874073809108,29.39470683402627,82187.0,51875.6031835,49437.5527605
8.017119340493373,32.67925626541971,35.84962304499914,9.27065630963051,269282.0,71927.440309,46986.52680235
10.059056427816472,31.421214599358482,39.5622891864719,12.541035001198209,202231.0,49601.7738785,37316.5702587
27.040267078502797,37.47013156324165,41.61034715464045,19.291869821777247,156911.0,52860.8279055,46973.200172
20.026976994797863,90.89933071549848,66.78801616147223,18.902929390276235,140849.0,47854.863569,41270.534920499995
29.203660964769618,25.57536668543488,49.26616291679264,5.073455517195067,82584.0,11333.057175500002,16392.034737
6.130878866445941,31.985869156397094,62.45856504594375,36.443059744083115,89875.0,67704.6954665,53855.4045435
11.960467307531854,39.29264636863611,32.30270298794038,17.045294428769793,209734.0,64446.337726,48227.868275
18.473900899359727,89.5835727570295,79.92973427459584,32.16467418282899,59729.0,43827.3345605,43021.687214000005
22.004471354007528,54.93392357584116,48.97458459214521,26.76288258772581,220408.0,91450.58495149999,63363.33135005
19.916178279019302,36.98393785507808,44.030501040799464,38.11609629448088,54897.0,48205.653708,45213.74637650001
16.38093578795364,62.65455241831904,78.5916180394939,14.131283883978435,86099.0,28699.794731,31318.289268500004
16.75139968303589,28.143111475603035,69.50234835777385,7.705334295323274,142082.0,26864.568202500002,30805.3953385
17.00588435538956,40.670178383590425,71.53753579238935,32.005540683680564,298520.0,125635.81564750001,82629.0142455
24.28771841600871,36.21646913502926,22.571122562235434,17.06294904275456,78106.0,30819.092849999997,31744.250152
19.00309758123879,66.48908091949102,30.065860130583182,13.280792249112578,48335.0,14712.640467500001,16790.172815
11.0263827009728,63.56686210632851,74.54948118502095,25.67730424825287,269210.0,104795.6208025,61372.127338499995
28.976090183043585,73.34169283985653,54.108923543489354,15.168619627910024,90669.0,29753.204361999997,32541.5345695
29.32302652220344,67.54369635672481,69.1694765848043,26.136789959624803,86456.0,48294.1204635,48138.049971
12.90880628765725,46.390359546550094,68.18208060096116,7.867118348515829,84276.0,18322.603286999998,23192.182188
5.151500318176165,37.30370090600379,67.41513266980887,19.39608792237587,68575.0,30331.574563500002,27211.234228499998
14.328080857807212,83.46443499723966,32.23578237687197,39.24128231550679,266954.0,132203.85727449998,99362.96767350001
27.1020761013972,80.03837386742987,51.69066508786784,32.78652130347799,201116.0,98164.9718975,79494.6402905
11.280368858632649,87.0073389533631,77.41594070176714,12.741299409638376,244485.0,68255.797063,55405.4896415
25.388968957546076,96.14288612673917,53.73446630266703,18.734333799488198,248955.0,83309.4514635,63141.9063305
16.225861673080118,29.607903793530287,26.552182438574818,33.83127927604786,302593.0,130081.54691050001,108798.6983855
28.843886287063228,20.955504561546753,50.84218657184029,39.75398320936421,223809.0,122079.1238655,102180.4848115
17.900518372181732,65.98609706241405,28.96756315043548,22.347545521194913,179287.0,67101.5155325,60956.1243595
6.362379728771768,39.938772936374825,59.138497054913,14.667438191475267,247990.0,75194.391115,44459.045266450004
13.492175892001487,40.99643456097526,77.92057094389445,6.686418545486859,319279.0,61307.66285400001,52183.37500155
7.852428111916296,55.58335193516946,71.2038795227203,15.005004701721097,109172.0,33584.369252,30823.3325465
18.116082877883443,45.910586469092465,25.133332091756166,23.38913113063458,54280.0,30397.261166,31069.1802465
15.997439472343123,58.18824507237589,27.97107594435619,13.313607017616869,243293.0,69603.9295525,62045.24509150001
24.693170196440825,31.712985636067103,77.90885673874314,22.484072487612806,122095.0,52363.0932615,46567.325214
20.757874683959248,83.63107346839995,39.49148168069069,28.311520227647787,236117.0,99762.323091,85604.69259650001
18.162835386418244,74.70610022018947,47.052486290830416,16.93215733242115,100946.0,34681.132756,34338.6044495
29.39324170272651,93.1983861730116,39.83005353008865,24.61914817630623,263594.0,100932.34525749998,87623.485976
12.33628452951614,37.15020479863881,79.8581589920329,38.463293352590256,152118.0,96812.035492,13009.014079
6.342529758204099,85.49143348465688,23.471887416542454,37.38471278382154,224830.0,117297.22977899999,86747.59828949999
21.699984049676107,61.99787396632242,22.080705767146952,7.791240737973773,207063.0,39263.7201875,43657.2280875
10.084559422934404,76.9340325938748,61.700053156757136,30.034019546848135,106125.0,62807.898569000004,48715.78831050001
22.954784487440385,77.32511861373598,40.97387760639681,32.943703871970236,293988.0,126227.37266050001,82979.25325324999
12.698809513510556,54.31122729450263,27.269579298027285,34.25441461298239,208193.0,103972.60921950001,81635.0641475
6.288825828250882,31.63834543923253,59.7974017722132,36.505837127051656,259215.0,124508.91939249999,90592.41281750001
19.643853279974476,82.4986320282585,21.209680199953578,14.85673251212694,132059.0,38462.309003999995,39768.220247499994
29.776421155961014,39.44526698466222,64.99662956513774,9.106238050565132,55108.0,13304.1892145,18281.1989625
19.879404915805964,84.34982218009463,25.59984127452279,37.76223291447891,75698.0,61209.0542825,62508.345426500004
27.58200398876477,60.345253389748194,79.53825170249752,30.239343200194106,297622.0,121814.7286855,14075.766639500001
14.37134677854507,64.5972239508798,55.493119273991226,19.002825004838996,77593.0,32859.5338265,32400.048855
8.044076901774346,73.88135579616102,68.97483099355588,9.603066092346825,92058.0,19589.557545999996,23404.812452500002
29.904115999399455,38.42422289793576,75.79876033001676,23.14787112017089,70097.0,36384.156526,36954.6613465
17.92948438416302,66.65247474051351,44.31507393736318,11.207474291411527,270529.0,76823.1695015,62125.969755
14.584459130888838,95.04182635849841,34.108709045270786,23.847574862228072,269357.0,101450.522234,86080.416875
11.84218004596599,28.26740904237282,42.46608286326103,25.788097560966744,277612.0,107454.84539999999,68072.287161
19.33678386637377,20.233788779166016,20.280124730871428,32.665216840993736,242676.0,111650.2543755,99641.8666735
13.691371216932044,27.890234255853425,55.134929535585265,8.66202125576199,326868.0,61860.688420000006,5757.135996999999
19.466146348497407,60.55968231640741,35.19588568109517,11.918255171480606,239167.0,64034.234715,56650.2854235
6.014031166983705,53.35783919470698,75.30909375069155,10.589881210474552,175502.0,36162.4636375,33021.17830775
14.638655437327838,92.7104102622197,22.973856254779047,15.022429410110249,93655.0,30381.207299499998,31643.3034725
27.83366832113517,79.04236501571108,25.251017424472458,11.104713652661559,247400.0,63588.615276,64245.842632500004
9.909565454539642,67.9138363105775,29.107679289117307,32.21636179937165,102750.0,65563.3671625,59455.062359
9.004028745909391,65.11624162556429,20.098252253924304,13.222649912709025,135156.0,38568.5523195,39630.297797
15.082339079516554,90.35984573467937,65.56120112642081,38.665988732814576,67076.0,57740.4456175,50696.54736150001
27.73495396155771,41.679791652137936,49.83893358618437,28.839660967360352,146669.0,72331.279727,59355.2643785
25.93024037225067,30.23467806235743,34.298707933886305,8.005288903296723,176975.0,31000.238108,34612.6545125
29.10497512770596,21.802697323946916,26.83385739580287,29.06016212453336,125017.0,66799.129162,61819.7855115
14.861063170683316,63.76975000173307,51.084221336059684,12.344548588552716,253971.0,72797.3002635,58090.8303045
9.05626912921144,32.92920703934313,70.64857347766647,24.835980220521197,276661.0,105357.26996850001,12222.826095
22.053510618734695,42.167850069158945,50.68796137527312,33.15748349909515,107122.0,69098.78809799999,55415.11729549999
23.645697280315023,21.086840762383282,54.24002401029692,22.941096812734088,76789.0,38382.767857499995,35614.584615
24.810332847499417,85.26652291817584,74.41119922782661,38.555584214320554,170117.0,103533.8926425,79639.43132275
5.995733335693061,94.10443308462803,61.54930742184289,9.4688238339942,282767.0,65860.58347,59365.904268000006
14.450640851867478,95.7882709223826,33.91154401027359,27.045924748490062,78218.0,46081.789694,47517.216634
23.151545031202588,76.51230045747482,57.11223181559653,17.76010028527511,213031.0,68073.959355,56496.696887499995
9.757126245693026,90.20748882864227,27.793045715720567,10.297458660898245,264501.0,62749.35271549999,60141.3571525
8.899182619696697,24.756167120859313,35.059990307770974,36.384486694177895,96407.0,70295.9066365,60074.12762449999
29.506246451957523,99.73471801648395,43.32231698308868,18.29436326436436,155627.0,50378.9090135,48497.757384
19.564721498665293,74.78703785977861,53.35226197743428,23.80149978169491,69799.0,37474.007994,37453.3372455
9.427230684709247,21.915437280730185,65.97581035157626,29.92179904778779,264230.0,111476.672679,82126.0127845
11.744098532431236,93.94491590629353,27.844037914925273,5.042634480652695,115976.0,15407.7511175,17905.4493275
17.37902297996521,95.76677280565625,29.75061794607153,8.411158144529672,196142.0,38613.6113575,43833.95142250001
10.824510615893747,85.86256193839236,76.86719901372393,12.444728010773996,214219.0,51146.44562849999,43007.34302495
6.109773918578244,62.052684366158424,51.76037563706145,31.31440976762444,300843.0,124729.3787035,67581.64398689999
7.0407368370922505,34.94132736601929,57.40643674410248,21.20002952006828,169683.0,60698.31516,40002.37325379999
23.209545957756195,28.854617301979598,41.98801239179666,11.798635110902586,248728.0,55412.77222099999,45171.45432765
18.214666033189253,91.74803848221755,56.50788211136027,19.947920270016766,270339.0,93534.211357,73355.7003375
5.951311285096547,30.090639805877363,60.60210359753207,31.81827269023967,300663.0,125655.271148,90010.2104175
28.089911315877778,83.94716690276462,75.65808052689525,14.804460268286064,42875.0,15133.444811,19764.9351465
5.437627271710333,39.408929005662614,70.45232367490061,27.528890469267242,99534.0,55764.081672,41473.533228500004
16.41099760717345,54.745064684278105,59.59997516719934,39.48924959853709,178487.0,108200.55120449999,73434.07672084999
9.674216823148203,63.7854151078018,77.5109759051559,18.883104811739976,288931.0,97465.916214,53932.30601225
8.069242262126163,47.0251367594129,42.02737284146437,5.2938311077088835,134822.0,17268.124391,21650.174892
20.83179631233208,57.49267540098241,63.217223929846924,13.58330702655236,209288.0,56418.51701899999,52809.8830265
15.112558085921558,76.36520083244926,78.42736302584443,35.90864366130569,291449.0,131403.6827155,81175.2362764
6.399511934680145,36.75830032173672,43.6594071928766,29.600751058562334,195429.0,89389.39824400001,60286.661957150005
16.25288602252651,80.91905716451048,41.26225824441245,23.673065338564857,291086.0,107368.714596,87898.659988
24.852612615937364,42.74895828909244,67.8235652018681,9.812429901338538,85483.0,18522.6867435,23825.577767500003
8.624124948229207,91.07529810995473,61.160347797167645,13.155185130138113,245872.0,70268.20984950001,51604.308846
25.333713803130067,98.48291871315625,39.73854138946093,11.861854863987237,64638.0,17706.223133500003,22069.638013
9.481648064879304,63.973315721520535,23.39366190091722,32.607522798289764,74588.0,52938.1154655,51720.419326
7.099949871553344,52.14875333349214,38.08279691450273,21.26358835203171,195767.0,69240.94034449999,45390.074326
28.57577854104493,97.7486539720422,63.350240891613176,8.977689565601718,293320.0,66889.08635249999,74061.1076295
19.852138113342704,93.01540338605739,42.869552983065546,38.411863866159656,222183.0,118931.19050499999,95063.62576000001
9.228538700938579,58.03506920596976,65.6434254000088,21.92148997894545,178516.0,65790.991598,45368.4962553
8.156705311119781,34.42872301208986,60.19468834000237,18.577580782869973,174994.0,56034.8241135,38300.6666537
11.19487770444074,25.747776395782516,35.38879637162766,12.118484116560566,241407.0,54632.045809,42168.10182685
14.07596941864965,74.38580403898493,46.413070124649934,32.08315888724359,204051.0,97526.28757049999,64843.371782
14.791085998035904,33.66735308632907,38.76657321099187,15.803504178972167,102530.0,33223.4517705,31524.504118999997
25.02998437992555,80.64109988804337,77.03684884602524,16.510100010509078,175815.0,51505.376249,47742.8170831
18.798165389572503,30.904760138915172,58.19077799136631,21.800290171196817,113992.0,48949.837910999995,42621.601297999994
7.829188054674574,40.006334192277706,62.325631705768856,6.257638456157939,60488.0,8518.826514,11281.764500500001
11.480780739344425,23.316842903841057,58.04796966470218,29.118981673447326,140773.0,71394.875327,54938.917250000006
12.042512342900096,58.24003314072475,73.52616750473445,29.253740839648973,153539.0,75465.128252,52694.81938375
14.2255753398494,78.3493345539781,28.26122675669747,5.14630790516601,78590.0,10857.252477500002,13006.926634
20.282361482825166,91.57333650358021,38.63841507625227,31.25679676027108,190398.0,91198.2452915,76678.898684
10.451048796255787,80.68155668914598,70.18559565741364,5.795662055308075,88116.0,12025.394054,15048.827391
13.845206364781381,28.33789714829588,38.4124661458559,38.869968131001144,232754.0,122682.91617400001,96836.601568
26.411845302656506,28.949895540280735,24.168598420763665,37.680783675230195,161560.0,98236.35477199999,89417.9402205
28.286415381842925,24.660434020111126,41.01946274452042,25.651597726003025,268210.0,104145.90310250001,75054.0538045
27.189786042113717,30.780900109612492,74.95364302677893,31.057880360792673,291149.0,121956.6405765,92266.02742
18.08030158222654,40.34765850034071,29.058745523825635,17.49064375758835,138975.0,45113.6428745,42223.6207515
20.22997212493765,43.594835400340955,47.7117668442871,12.611841522859258,174316.0,45185.7080975,42400.307718000004
9.882790307029701,52.46958074828538,50.16730883317874,30.38550040784406,239034.0,105273.37115800001,66065.96975409999
25.377033440678474,30.70406502264534,41.43703960911543,30.522397087654827,294000.0,121360.0175875,84217.533719
22.283587377747484,80.35799847906569,58.303831860215325,17.60794903479447,243784.0,78895.39080950001,64038.9643145
9.800475261229984,30.5174045381476,71.40872542711071,16.584683081232797,269541.0,86140.8863475,8183.046658100002
7.503130922868314,28.504992852584817,54.39131229862477,39.16125594959472,180587.0,108161.114707,81207.44883200001
6.153751703471192,89.29920312874499,21.90443854188598,22.820115618637633,245527.0,91240.690567,82355.23438800001
11.62540493715418,96.92544627243079,48.1528996109976,13.937976892646496,192991.0,51633.089230499994,44839.831232
18.43529648841062,49.95326455473379,44.89240162678796,34.9745500438256,119468.0,77578.20349799999,59450.077430000005
20.414794200040923,52.055325995639066,32.88971936018503,34.16715890231578,63032.0,48822.892714999994,47156.8380645
29.544125308940274,24.91364815030365,48.747627224927285,9.07154358108949,130471.0,25235.368878500005,29382.2523215
19.226902686410902,75.00803668404166,51.903607569318396,34.92479341294827,276855.0,126222.4996495,73775.25692415
28.189882227256323,35.27627702737675,28.213046252981936,33.98052200653084,298348.0,129451.324455,108387.60392499999
27.641134362655908,42.230978924836904,40.855044937702694,15.723377047424071,231148.0,70521.213919,53719.7531033
20.97891044213114,90.85783444550512,46.2889807139472,26.53271530755094,57613.0,35445.0891535,38631.45180099999
27.37907866435639,38.86793699854423,66.4454917869044,22.2620009668583,112647.0,49390.8920585,45684.5718555
22.728941442871673,46.69060108470293,45.14047644856563,26.549822440562274,62381.0,38342.4946795,36678.274628
10.838579152253985,86.200398093338,68.55427933401472,6.182459911629927,89726.0,12223.267275499999,15205.78899
26.851981275367905,58.40894907840634,47.54872672692813,21.995812893924036,85331.0,40545.0376675,40437.392643
28.348402585954464,68.99871854023534,74.01414261456306,28.924350285362927,192994.0,87206.658251,67610.83902535
29.04899152163304,65.04631883844613,34.877597377966595,24.150420648225833,194826.0,77093.053693,70834.2948535
14.020630882131229,71.92324801091048,51.0735012132551,17.17412817713298,87093.0,32783.714040499995,31849.6858365
9.290469074032695,29.83389013226998,37.81683421541634,37.61683595879593,165125.0,99401.23323800002,79197.5125215
24.467670417097608,79.63082844958939,35.74665691478333,9.557418090625266,265060.0,71014.26287899999,69929.943208
28.02300946253531,47.399355298663295,44.53201337101963,18.996970672378872,163658.0,53974.6446285,48093.0475585
16.437259844135536,39.1063542616428,76.199237614536,26.91595922200584,190052.0,81829.8111395,10202.2000095
10.748211743412742,87.60364452405072,30.167140462513615,15.868079152676131,138248.0,41863.905866500005,40095.979483
11.331563402157254,37.095473194384084,42.72936879559236,30.611823233662946,203861.0,94588.37556500001,61851.89692605
17.522734342227903,47.45012445556678,32.544632895986844,20.82066900653744,119121.0,48399.039865499995,43996.9972865
14.979705146776064,95.96787155149043,48.184766450711265,39.556088954776435,105296.0,79752.490349,67815.80207800001
28.13240425216909,89.84011450956064,25.87228988888935,18.10644762139201,239332.0,78680.77567150001,81239.5138295
10.59777465519948,94.34148883613,73.14358053417422,24.671603732764073,175867.0,71958.75912450001,54534.0100145
9.462237345392875,70.80420353249325,46.85914455149749,24.79693552746825,208963.0,83387.19690200001,55864.42137
21.776789463913747,79.37538082920317,68.88982637399954,33.061866155058866,229615.0,108244.94919700001,72010.27526909999
8.574973194028187,50.95447953312297,57.61593819197699,23.76376217762455,280009.0,104648.808705,62532.6756377
20.10545966204174,54.54567058632311,26.609589467613457,20.882279314175275,150736.0,55797.7220475,52909.035019
26.693138633802338,48.92203055008098,79.61450058747137,17.278552861564457,252855.0,81273.26935249998,58952.61649795
23.698741184319946,75.73046025279776,53.62701865644676,6.02599117712733,75590.0,10459.883925999999,13699.1597795
14.406860323699101,59.23977206492993,79.49380865584149,16.70040569627715,239065.0,75394.581576,52491.7251411
21.708214541143658,78.58099425916399,46.60062384291892,35.33696676127639,129211.0,81839.79186299999,69056.3601205
12.405287962841365,51.34064502533245,47.406954293406386,19.83632733485762,184710.0,61720.161189000006,46409.37212649999
23.12257992367135,90.75477633225799,66.37328243482546,8.575282579232397,160744.0,29153.788115500003,36409.227532000004
19.110040020303845,44.7764404306389,65.7129949102549,10.105462355368417,323413.0,61659.185036999996,52398.4789182
25.897214550751958,38.74138435761095,52.64144120092571,26.294893211033404,63024.0,38096.082626999996,36597.625872000004
27.533158380844707,91.37154170541423,27.35764717338963,7.250811926270696,313239.0,75123.5680805,72564.05912299998
22.84675033211673,28.073760130166587,57.86269707412585,31.375325145423176,285849.0,121017.773522,87505.39804
18.45204586411223,22.37080718133688,22.369239343346983,18.78722885595881,211260.0,69433.93113400001,59449.5788
16.32563838522083,34.202365170534144,68.27960876272041,14.680467423604528,252478.0,76673.791018,51369.00416655
16.493495602739742,26.55199862354166,26.31966283649035,38.360287598340335,93435.0,72517.0388925,65890.32760949999
24.395622575726627,61.567466949118256,58.923769373450014,31.248424603370214,295974.0,123393.642487,83015.61306365
12.834557749554698,33.99751144885487,29.456622377561075,11.485637547173187,81820.0,21113.839978000004,22734.7128365
8.321339578552976,20.499808771095875,77.6676757909595,14.25201335700465,233129.0,66536.918112,44033.61040115
16.561197728635914,97.79471418381318,34.36563423789679,35.74442698039217,278398.0,128110.2495715,108358.75479899999
20.06867600671148,32.45118584334129,22.63386979100009,11.665662035804758,249867.0,54332.202474,48426.71911799999
12.008996033770366,27.58103765150063,35.47384032501087,37.494065919095966,199333.0,110110.8825775,87816.187966
25.830218422729626,47.60155263772928,49.64225176367548,17.518315035056368,130741.0,43182.70966,40943.79607699999
5.383528346413216,81.70572453019889,34.44691179360429,26.42884809193575,203809.0,85295.035572,65161.06564400001
15.00277537196202,22.942584931720216,43.66678215501214,28.8068625325175,272092.0,111275.623883,85981.3575305
10.942310531085864,61.272400066383376,34.554532907618146,6.814297830538058,173922.0,30742.061933,36247.472448
25.429302293590023,38.26293270757455,71.00432532793113,20.661754288708366,278473.0,97385.301224,10104.291116000002
8.677290706253487,83.04769798230737,54.490864876187814,8.12378791848969,324287.0,61612.580203499994,59489.358343
28.50955938264047,97.95412908590643,28.665351933216996,24.17880802888329,246209.0,93864.03353399999,92773.74584
26.173431896698293,93.74383468334534,24.841328488472538,31.425350027719105,84059.0,55523.340828500004,57504.06950900001
19.418443560753097,25.897471435785977,49.830631925567964,19.990729278608875,218678.0,74653.82175500001,9206.1489065
11.093006454975347,22.690634151724876,54.741936327497754,36.7357616493438,191851.0,105932.10977850002,80850.4970075
9.549560016344952,60.75899488126191,30.834232144717856,33.021985804475094,156704.0,85776.5915675,62631.177757
12.116877317036757,54.137895518926335,21.49282923002859,9.842950513290141,48126.0,11969.140898000001,13326.4521355
28.298882150362992,56.20760359366054,50.03221857595826,35.467648461348986,105782.0,72849.2875375,62604.8025185
29.25579644881213,53.27755958470506,72.76035029461002,28.35769102492327,105137.0,58930.072288,54600.489958499995
21.503864052991837,33.42413080710386,44.469939975442024,39.598745277931506,299376.0,140059.76810699998,94003.96522700001
16.808936969401312,82.43073153241623,52.17590227455797,8.603673702849415,277681.0,73596.884572,66476.44693
7.1546776486673025,99.00859887650016,26.755248415480327,28.613510459837222,84835.0,51702.88253,51502.785227500004
27.90762506365135,23.962671783890578,24.549066858893447,32.04958326068506,261244.0,115723.56137499999,101304.9408445
22.921203212028853,99.25343030573598,43.03062063208655,21.5561542773635,86226.0,40077.651836000005,39764.617222
22.474601272911862,48.20334544021585,31.85533453955874,9.321004445804363,63540.0,14782.929862,17998.5605045
25.114116426755963,73.05024973765907,59.42318521316156,20.12650354571077,279808.0,97078.770611,65704.3629633
29.711990956771725,57.284164056831635,28.069471241162532,16.281218682003466,115838.0,37375.0433945,39779.141818
24.114167010484188,24.513560737825827,63.416697422158926,32.4708623338562,174107.0,89497.4035045,70596.79948399999
23.969258309748042,24.22848688930358,76.55361500703121,8.032564454332618,80901.0,17727.838452,23866.669267499998
11.228065914593564,84.06249468812732,62.074389773843684,34.87712691443709,77714.0,58285.7377935,49726.5980425
25.77562153291426,67.2528278543239,75.57304246436016,38.82832661646625,55247.0,49227.341803,46782.321694
5.90975120041469,27.170278514452512,56.75349372873866,15.676113519530952,223282.0,66480.99776599999,6808.915109100001
26.528675780670824,89.90057639064192,60.79254405171418,20.620425338528136,97637.0,42154.626581,38428.5974255
11.877766723645614,81.50686690214202,29.834680854033067,27.17697706199796,289694.0,113374.752729,95260.83892849999
27.240324582275957,77.45353916246454,40.09324018452001,25.323207463262438,166034.0,70229.7689925,63000.76208
19.196818988014655,55.397143126029434,20.36896633564136,30.48525533976136,63530.0,44076.836347,43947.309266
23.654459071100646,85.1547375987487,58.438099814394846,25.12890656957481,247127.0,95912.944651,74053.1779565
11.73020446011457,44.9867800273871,38.14661330635657,19.206837384314095,194059.0,63830.44825,46366.01409
29.686758877844984,72.3852158007971,41.70038387425417,27.165156788602676,213863.0,90280.76171650001,79294.6537695
14.699584429914637,29.47326350058219,59.516519775311394,26.686249171690303,254132.0,101749.87349350001,68203.721855
19.784209945449085,26.903880695095026,62.85432756045103,29.168510496594585,291802.0,118059.2963185,84843.79421200001
15.158709868225573,88.41455662585437,75.06315266607785,16.0246309229682,261732.0,82162.000631,65429.872650499994
9.06746749087313,65.6235929696827,37.024089840368404,34.845506190551134,128141.0,80491.191865,58578.8889685
5.337699474487547,48.071326756003515,31.127668121307003,7.118487292635715,197821.0,33231.952862499995,33006.361049499996
9.151999193395307,68.23745603627303,38.57543683536759,27.75054883487393,272268.0,109394.749086,61627.66869875001
25.967110030434768,47.96285631857738,74.1245724245865,24.552360319466292,290836.0,108870.8438645,11601.882464
24.62481535274604,20.21236622136455,49.698310696495845,26.365849477787666,264518.0,104456.88119400002,78591.325589
19.35704981213725,95.48673249715839,48.75555404206065,28.679372373670304,189811.0,85453.5196115,67311.8554725
23.33896208197438,57.90435488388248,49.43310825690462,13.64473590840043,135862.0,38641.520434000005,37439.7136225
19.932522076027762,35.36485288236723,27.6043958356314,5.213995760380495,318000.0,70407.2406465,59762.182184499994
7.923547590668801,88.54446103366402,29.366105398605317,26.16782523541985,244929.0,97987.63921200001,81374.6691655
21.85471946804344,93.61402267706715,73.4360605098863,36.31761880495707,181442.0,101662.86743,77608.6868865
18.541324892430406,44.036643343529036,65.40792880140926,21.290793452637846,252412.0,90307.83295449999,58343.93756105001
15.625453487219914,75.85408424196386,72.09195966495136,16.633913173596646,239379.0,75428.01975449998,59015.194077
21.28470057167254,89.51234284129258,62.23233063921751,33.73407573792859,128453.0,78286.4106115,65100.6038065
7.075023119537714,39.88632770441353,30.357602259659956,23.924197828639958,277609.0,104297.0852375,72506.54739555
15.57969256565646,27.7092416582103,42.1089371693207,25.97713275037016,264259.0,103628.8701965,68283.8152555
16.143499129829074,65.35827569711253,56.260830847629116,38.93809682285738,115945.0,83488.457003,62677.0608945
21.298694801749704,94.70684318085934,58.38814458451458,39.36787095167277,258934.0,129776.19335949999,76545.66804724999
12.580194709578542,37.76030270231902,53.939656273006925,21.11263803501051,155822.0,57404.7073045,43404.620783900005
22.907599594000022,98.38088016265941,42.403274911371966,34.108485885881635,179837.0,95068.128028,81519.057661
21.11173247645263,83.8399087557755,71.88258893716426,14.182861932189011,81414.0,27690.847365,32100.549158
27.29056143285914,36.504857453338786,45.20832037826767,39.90329029153371,253073.0,129729.18805499999,99985.1677025
26.714467564765506,62.29019227120051,25.982192643948608,23.332285119782803,205166.0,78719.553561,73938.65973099999
19.530781517120364,58.726146330101585,65.02207335877328,39.867111492174004,246420.0,128243.48018949998,85720.53116535
14.265441683170256,69.52588218324988,55.63460643824715,12.676388492094379,203467.0,49678.5309825,41960.612431
23.088280455234255,21.68144060527145,42.21391873836079,18.43479198031648,177603.0,56445.6983885,46105.394115300005
25.294580641404476,89.11126549019383,26.927903541718255,24.416421941520223,137378.0,59902.348232,61176.5130675
23.608347957486863,77.7396167866294,37.5302550177386,5.970981349750853,56125.0,7905.8141605,10271.6823625
22.74809973670353,82.66691930881817,51.437524472528224,11.524490115903856,31172.0,8586.622373499999,11100.650119000002
13.417036853682344,96.03160083352302,31.214751457002986,36.04568107247527,100504.0,71568.526473,70000.1898585
22.228978599389254,53.090754731755744,46.02276678543512,16.103734764182974,62783.0,25425.0906185,27961.8295555
10.404715616761369,97.05845389352315,39.977843456736075,5.656206690633533,95535.0,12960.3938605,14918.415678499998
9.591998877622238,32.884009978576465,59.22866035403156,11.02613906108879,243398.0,57211.39989,39725.59936705
12.923545004211388,70.39048697714148,21.290063461152247,9.168145086713979,120927.0,23854.025443,27041.06084
29.873867602135537,43.79728026647615,25.228416184225004,11.24093731920162,239924.0,57210.7710825,54341.881431500005
29.01053312442355,20.40459139710506,48.285123745422716,6.475932767548541,316033.0,61058.94378,4699.404650949999
8.991950564021248,47.15613079709545,62.78171146798338,33.68147110018741,195378.0,98731.08516799999,11987.654744499998
24.898695636141,61.41897465887639,63.023570157598506,13.373450464784973,139095.0,39216.730161499996,39703.84834
10.367772579978787,59.10681192907822,30.7430973863197,35.59280446005016,112130.0,75520.67657150001,62670.8318385
19.73863881015815,68.35475967095921,74.86406268793968,10.427826174882833,263092.0,72243.9670375,68243.079983
12.734892052956678,96.69634720451648,58.79123583752254,22.908277954934654,160152.0,62156.556638,43418.962589
22.811104536440684,31.00012163388445,38.67927517498033,21.08988525123744,160866.0,57909.7851815,47745.919730149995
10.776624686410761,57.13965428482207,46.81453032526865,32.63705082115399,144097.0,80754.13980850001,56734.5337785
7.746751438342979,43.70710610931346,45.42365262265798,21.492399089309703,284245.0,101104.82361149999,61598.084693900004
21.104012353426523,21.418287547396528,36.56742671891927,13.062199953665248,192075.0,47844.950297999996,40462.0566251
28.936840893202415,84.58994114307426,68.05621415099884,19.699108007256196,142306.0,49840.440889,43564.11914555
6.205083905138864,38.16399343283205,61.45942878282757,19.100413397690087,214149.0,71021.1997485,42747.9202432
8.212338378612756,20.08034195040679,77.28265850243594,9.488348372145822,74179.0,16646.334569,19066.975025
17.344221746065784,73.18175451326266,69.08909787230152,26.44149403685256,126250.0,60826.825909,52006.9606345
14.558089005461289,86.81560846456122,21.36451730055945,20.35115151553753,81425.0,36379.835183999996,38188.515153500004
9.642836048567126,84.29214966610847,45.86899001936847,29.4506232239684,69736.0,45701.888675999995,43473.13619599999
25.080505814586303,88.66647770354102,31.00707496023911,13.95783201544587,179053.0,47154.649081999996,50331.598408499995
23.16625915380732,34.55275674112425,72.88676888098479,37.34415355394775,302249.0,136670.748671,100082.4691475
5.500052447450217,72.02573592786116,39.179924919120936,12.20197240184347,207119.0,50081.62388150001,42538.1868315
6.629273358152375,76.61106332357866,45.05311847791066,18.164411042938774,109677.0,40586.347983,35012.35725500001
8.862340799795337,34.03523233808769,20.049166360660067,33.23966380252875,141432.0,81354.13890650001,72604.25068199998
14.926863460017254,23.201815412111596,28.13048568440003,35.83065383049483,227710.0,113838.1452645,95813.143068
26.46858272233731,51.15417042418009,73.76369651260183,13.675388679905174,111067.0,34015.011914999995,37124.7959175
22.178817931073556,75.41085930751728,70.36421999713136,13.468636054479296,247859.0,72474.24391399999,65613.52190549999
11.82077860355297,43.46418729021823,58.56206467727296,10.091185086306943,263523.0,71239.90898600001,48574.43307815
23.279453608159677,87.49833221063457,43.441463172136864,27.944062671623946,53109.0,34762.7373375,38043.0308675
13.610406219473866,98.98493855311352,64.61676614779672,28.00925262570295,145147.0,69954.0933595,53382.9257435
14.103084030554177,21.195426801724505,77.10943078425531,30.469035980610325,66273.0,45236.461737499994,39660.591006500006
29.59530280368352,97.17558956775298,37.873005858873796,35.143177255754054,196522.0,103323.17809649999,93865.85255250002
20.915520449640574,45.17111921737488,41.84607702583513,35.26105801840245,162065.0,92588.490125,68617.3439405
22.300629659637636,57.04036435755815,46.20494750419397,32.71154029835358,178631.0,91344.24315499999,67224.571448
25.52805681160289,76.78401911465949,22.85875541512331,32.36361230768949,96011.0,62976.0205545,64220.5327835
18.05331066553053,95.58462656373477,38.97201315840024,23.537482818754825,64323.0,35057.115964,37764.2446925
18.007655493575868,86.59435068424527,52.92235694709498,15.369806878521768,273393.0,85387.0397415,65440.512059
14.808349032868225,48.85905733930834,63.26759381635779,37.05782890633928,50952.0,44115.8689075,40173.3351595
20.277777097168535,64.26186227391561,55.82599275690782,25.378894438251027,132035.0,60132.1161965,52026.3965215
8.49638570736628,71.57250722270834,72.46022818359867,37.024778853195045,249824.0,123102.537683,73808.2723157
27.449287582980137,99.92147559048055,23.71168440679477,29.343834953542725,194089.0,88443.29300149999,89723.7034505
28.473609965990505,70.13246333237903,56.59248743059229,14.541145486546721,216505.0,61009.715553,55006.8765065
8.852946183582226,70.64893144451084,35.658215773171534,29.59393346009416,281502.0,115910.3166685,63824.8333003
11.38002758728859,87.27084653112817,33.57319255727647,28.73147489139012,244138.0,103169.61635299999,84371.98770700001
19.06694958019019,68.65189316371388,68.47485532369845,17.841990314285784,196909.0,61561.018525499996,55223.155399
9.966078047210905,33.23908247401067,34.924542672276125,6.957173177283105,302092.0,59972.53261650001,46795.82580875
7.258169680944334,56.87513918341014,65.30523588363481,34.27304453897949,299860.0,130527.647345,14685.2162955
19.289726706104382,25.828661478924353,72.61332260023181,24.380961465836407,232200.0,89624.9049315,65266.617734
10.45191149167521,26.834126482743933,25.48508123850997,28.175547008772195,105859.0,58828.7126845,51987.8485875
13.109212647307713,72.15660543307297,20.459303433444646,13.531309297031866,227379.0,62687.595255500004,62018.438467500004
9.335471691800786,64.08388921648239,45.520898997094896,10.357950865169938,265939.0,57167.22319999999,49366.3695325
26.818658307381902,83.69639455487061,40.71987649214914,30.934485093123147,205110.0,95651.51853,84349.90447750001
26.616304427856644,27.885105172584346,47.46061979915355,36.11649080674971,159771.0,93978.38373500001,77441.49699399999
11.698010935650263,92.95167862269848,64.49026796915892,8.318869389674177,115281.0,23079.261935500002,30127.70167
20.62572428576695,55.80588493166351,73.65726421132712,27.079096473693273,78608.0,46480.745122,43810.245299
24.019492892657766,31.22875978244359,74.48064347898928,24.4471107048978,251367.0,96344.7226425,12500.857739000003
16.79252173936927,46.29721528450415,41.80338193540774,37.28262581130935,105090.0,75661.1624625,64229.0493055
28.648089673597536,64.13948903492835,57.82441155771154,22.662172096498,71336.0,35793.5753405,37565.844096500005
20.699824128842494,77.13646782858237,31.68153325849284,26.269916712128158,223384.0,91561.02055449999,81072.0688365
20.61460192596133,86.55401865470462,60.92397503105022,8.855002224364888,273601.0,72644.589811,67214.071578
12.227327288955422,50.86652439003804,53.27051357836642,7.521494502247257,236055.0,36551.7514065,37769.77819700001
9.09756280981447,86.43788194459454,50.09078679754125,31.943406196980025,205713.0,97795.19705,67738.6644495
13.283872775445271,22.07418454240116,33.30298042734447,8.836621088261902,275949.0,73408.690093,51105.598696
17.264213200707218,84.91202430107363,26.731113733714967,34.73820322192009,87333.0,63559.538175999995,63234.8940115
20.543500636262095,68.15547858993001,21.812324853254943,22.047499577895895,62287.0,31809.9256375,33627.1238575
17.662314228747057,88.01577858493053,31.642960806055754,39.3830180807374,164536.0,103330.66039700001,92019.9306005
15.945287001364894,31.824887860381352,77.66366475967861,24.248821752041856,187767.0,75024.9411045,9862.412309500001
10.495819067587009,33.87357388575779,66.29003090475378,6.3428711441532215,76098.0,10521.332491500001,14311.503735999999
24.48476901462485,81.58853144262281,68.37327428268732,21.752246004417163,128611.0,52517.959216,44861.307399
21.16552263340769,98.75356358133371,29.55936528520008,38.25444737317558,302765.0,138266.3601025,125084.25439650001
24.73009623079798,78.18130277012537,78.71005229844093,15.46878027318519,101511.0,32400.7046205,34878.2778345
15.269772532253238,22.79505144707214,60.747876372264955,15.122035893859229,221896.0,64341.143,47430.11581645
21.89226262678045,98.56124903862113,39.11791167153724,10.813360075353554,277112.0,77956.767933,76860.817914
15.609216053151133,80.15628315256942,75.88951694859325,22.56305332914887,103438.0,47265.000581500004,42453.4356695
10.248219618582656,45.59033388899603,24.349569463139822,6.369578260912933,165873.0,29804.971421500002,31979.021653
11.530825912180973,72.49996984395611,28.791365167688593,35.72016517047274,60229.0,48502.0841675,47768.767502
11.319421323359053,92.29382135117035,24.741105807048474,21.34039963307447,266942.0,95821.5661205,88894.135888
